what,kind,bundleId,bundleVersion,description,time
activated,perspective,org.eclipse.jdt.ui,3.7.1.r371_v20110824-0800,"org.eclipse.jdt.ui.JavaPerspective",1329239723471
activated,editor,org.eclipse.jdt.ui,3.7.1.r371_v20110824-0800,"org.eclipse.jdt.ui.CompilationUnitEditor",1329239723643
activated,view,org.eclipse.jdt.ui,3.7.1.r371_v20110824-0800,"org.eclipse.jdt.ui.PackageExplorer",1329239725753
executed,command,org.eclipse.ui,3.7.0.I20110602-0100,"org.eclipse.ui.file.refresh",1329239728831
deactivated,workbench,org.eclipse.ui.workbench,3.7.0.I20110519-0100,"",1329239729487
activated,workbench,org.eclipse.ui.workbench,3.7.0.I20110519-0100,"",1329239729846
activated,editor,org.eclipse.jdt.ui,3.7.1.r371_v20110824-0800,"org.eclipse.jdt.ui.CompilationUnitEditor",1329239735971
started,bundle,org.eclipse.wst.server.core,1.1.303.v20110816_1717,"org.eclipse.wst.server.core",1329239742096
started,bundle,org.eclipse.wst.server.ui,1.1.306.v20110823_1704,"org.eclipse.wst.server.ui",1329239742284
started,bundle,org.eclipse.wst.jsdt.debug.rhino.ui,1.0.0.v201103232243,"org.eclipse.wst.jsdt.debug.rhino.ui",1329239742799
deactivated,workbench,org.eclipse.ui.workbench,3.7.0.I20110519-0100,"",1329239749893
activated,workbench,org.eclipse.ui.workbench,3.7.0.I20110519-0100,"",1329239750378
started,bundle,org.eclipse.wst.jsdt.core,1.1.101.v201108151912,"org.eclipse.wst.jsdt.core",1329239751065
deactivated,workbench,org.eclipse.ui.workbench,3.7.0.I20110519-0100,"",1329239756706
activated,workbench,org.eclipse.ui.workbench,3.7.0.I20110519-0100,"",1329239758253
executed,command,org.eclipse.ui.ide,3.7.0.v20110809-1737,"org.eclipse.ui.project.cleanAction",1329239758346
deactivated,workbench,org.eclipse.ui.workbench,3.7.0.I20110519-0100,"",1329239758846
activated,workbench,org.eclipse.ui.workbench,3.7.0.I20110519-0100,"",1329239758971
started,bundle,org.eclipse.wst.common.frameworks,1.2.101.v201107192200,"org.eclipse.wst.common.frameworks",1329239761581
started,bundle,org.eclipse.wst.common.emf,1.2.100.v201101101900,"org.eclipse.wst.common.emf",1329239761721
started,bundle,org.eclipse.jem.util,2.1.100.v201103021400,"org.eclipse.jem.util",1329239761878
started,bundle,org.eclipse.wst.common.emfworkbench.integration,1.2.101.v201107140600,"org.eclipse.wst.common.emfworkbench.integration",1329239761924
started,bundle,org.eclipse.wst.common.modulecore,1.2.101.v201108231700,"org.eclipse.wst.common.modulecore",1329239762284
started,bundle,org.eclipse.pde.core,3.7.1.v20110822-2108,"org.eclipse.pde.core",1329239774378
activated,view,org.eclipse.jdt.ui,3.7.1.r371_v20110824-0800,"org.eclipse.jdt.ui.PackageExplorer",1329239787424
started,bundle,org.eclipse.jpt.common.core,1.0.1.v201108080010,"org.eclipse.jpt.common.core",1329239788346
started,bundle,org.eclipse.jpt.jpa.core,3.0.1.v201109073010,"org.eclipse.jpt.jpa.core",1329239788393
deactivated,workbench,org.eclipse.ui.workbench,3.7.0.I20110519-0100,"",1329239793799
activated,workbench,org.eclipse.ui.workbench,3.7.0.I20110519-0100,"",1329239821503
executed,command,org.eclipse.ui,3.7.0.I20110602-0100,"org.eclipse.ui.file.properties",1329239821628
executed,command,,,"com.android.ide.eclipse.adt.debug.launching.LaunchShortcut.run",1329239827628
activated,view,org.eclipse.ui.console,3.5.100.v20110511,"org.eclipse.ui.console.ConsoleView",1329239835112
activated,perspective,org.eclipse.debug.ui,3.7.101.v20110817_r371,"org.eclipse.debug.ui.DebugPerspective",1329239864299
activated,view,com.android.ide.eclipse.ddms,14.0.0.v201110171935-205994,"com.android.ide.eclipse.ddms.views.LogCatView",1329239864315
error,log,,,"Unhandled event loop exception",1329239909596
error,log,,,"Unhandled event loop exception",1329239911065
started,bundle,org.eclipse.equinox.p2.garbagecollector,1.0.200.v20110510,"org.eclipse.equinox.p2.garbagecollector",1329302726344
deactivated,workbench,org.eclipse.ui.workbench,3.7.0.I20110519-0100,"",1329302774360
activated,workbench,org.eclipse.ui.workbench,3.7.0.I20110519-0100,"",1329303162750
deactivated,workbench,org.eclipse.ui.workbench,3.7.0.I20110519-0100,"",1329303188828
activated,workbench,org.eclipse.ui.workbench,3.7.0.I20110519-0100,"",1329303200703
deactivated,workbench,org.eclipse.ui.workbench,3.7.0.I20110519-0100,"",1329303227516
activated,workbench,org.eclipse.ui.workbench,3.7.0.I20110519-0100,"",1329303236969
deactivated,workbench,org.eclipse.ui.workbench,3.7.0.I20110519-0100,"",1329303245125
activated,workbench,org.eclipse.ui.workbench,3.7.0.I20110519-0100,"",1329303293110
deactivated,workbench,org.eclipse.ui.workbench,3.7.0.I20110519-0100,"",1329303305235
activated,workbench,org.eclipse.ui.workbench,3.7.0.I20110519-0100,"",1329303305266
deactivated,workbench,org.eclipse.ui.workbench,3.7.0.I20110519-0100,"",1329303305438
activated,workbench,org.eclipse.ui.workbench,3.7.0.I20110519-0100,"",1329303406016
deactivated,workbench,org.eclipse.ui.workbench,3.7.0.I20110519-0100,"",1329303441953
activated,workbench,org.eclipse.ui.workbench,3.7.0.I20110519-0100,"",1329303477657
deactivated,workbench,org.eclipse.ui.workbench,3.7.0.I20110519-0100,"",1329303492985
activated,workbench,org.eclipse.ui.workbench,3.7.0.I20110519-0100,"",1329304052063
activated,perspective,org.eclipse.jdt.ui,3.7.1.r371_v20110824-0800,"org.eclipse.jdt.ui.JavaPerspective",1329304055125
activated,view,org.eclipse.ui.console,3.5.100.v20110511,"org.eclipse.ui.console.ConsoleView",1329304055141
activated,view,org.eclipse.jdt.ui,3.7.1.r371_v20110824-0800,"org.eclipse.jdt.ui.PackageExplorer",1329304056453
executed,command,org.eclipse.ui,3.7.0.I20110602-0100,"org.eclipse.ui.file.refresh",1329304057797
executed,command,,,"com.android.ide.eclipse.adt.debug.launching.LaunchShortcut.run",1329304062235
activated,view,org.eclipse.debug.ui,3.7.101.v20110817_r371,"org.eclipse.debug.ui.DebugView",1329304080828
activated,perspective,org.eclipse.debug.ui,3.7.101.v20110817_r371,"org.eclipse.debug.ui.DebugPerspective",1329304083610
activated,view,com.android.ide.eclipse.ddms,14.0.0.v201110171935-205994,"com.android.ide.eclipse.ddms.views.LogCatView",1329304085578
deactivated,workbench,org.eclipse.ui.workbench,3.7.0.I20110519-0100,"",1329304096328
activated,workbench,org.eclipse.ui.workbench,3.7.0.I20110519-0100,"",1329304387078
activated,perspective,org.eclipse.jdt.ui,3.7.1.r371_v20110824-0800,"org.eclipse.jdt.ui.JavaPerspective",1329304391328
activated,view,org.eclipse.debug.ui,3.7.101.v20110817_r371,"org.eclipse.debug.ui.DebugView",1329304391344
activated,view,org.eclipse.jdt.ui,3.7.1.r371_v20110824-0800,"org.eclipse.jdt.ui.PackageExplorer",1329304392563
executed,command,org.eclipse.ui,3.7.0.I20110602-0100,"org.eclipse.ui.file.refresh",1329304394172
executed,command,,,"com.android.ide.eclipse.adt.debug.launching.LaunchShortcut.run",1329304400641
activated,perspective,org.eclipse.debug.ui,3.7.101.v20110817_r371,"org.eclipse.debug.ui.DebugPerspective",1329304406078
activated,view,org.eclipse.debug.ui,3.7.101.v20110817_r371,"org.eclipse.debug.ui.DebugView",1329304406078
activated,view,com.android.ide.eclipse.ddms,14.0.0.v201110171935-205994,"com.android.ide.eclipse.ddms.views.LogCatView",1329304408875
deactivated,workbench,org.eclipse.ui.workbench,3.7.0.I20110519-0100,"",1329304440125
activated,workbench,org.eclipse.ui.workbench,3.7.0.I20110519-0100,"",1329304440157
deactivated,workbench,org.eclipse.ui.workbench,3.7.0.I20110519-0100,"",1329304440250
activated,workbench,org.eclipse.ui.workbench,3.7.0.I20110519-0100,"",1329304476485
deactivated,workbench,org.eclipse.ui.workbench,3.7.0.I20110519-0100,"",1329304478735
activated,workbench,org.eclipse.ui.workbench,3.7.0.I20110519-0100,"",1329304563641
deactivated,workbench,org.eclipse.ui.workbench,3.7.0.I20110519-0100,"",1329304574188
activated,workbench,org.eclipse.ui.workbench,3.7.0.I20110519-0100,"",1329304574235
deactivated,workbench,org.eclipse.ui.workbench,3.7.0.I20110519-0100,"",1329304574313
activated,workbench,org.eclipse.ui.workbench,3.7.0.I20110519-0100,"",1329305014203
activated,perspective,org.eclipse.jdt.ui,3.7.1.r371_v20110824-0800,"org.eclipse.jdt.ui.JavaPerspective",1329305016907
activated,view,org.eclipse.debug.ui,3.7.101.v20110817_r371,"org.eclipse.debug.ui.DebugView",1329305016922
activated,view,org.eclipse.jdt.ui,3.7.1.r371_v20110824-0800,"org.eclipse.jdt.ui.PackageExplorer",1329305018063
executed,command,org.eclipse.ui,3.7.0.I20110602-0100,"org.eclipse.ui.file.refresh",1329305019797
executed,command,,,"com.android.ide.eclipse.adt.debug.launching.LaunchShortcut.run",1329305024485
activated,perspective,org.eclipse.debug.ui,3.7.101.v20110817_r371,"org.eclipse.debug.ui.DebugPerspective",1329305028782
activated,view,org.eclipse.debug.ui,3.7.101.v20110817_r371,"org.eclipse.debug.ui.DebugView",1329305028797
activated,view,com.android.ide.eclipse.ddms,14.0.0.v201110171935-205994,"com.android.ide.eclipse.ddms.views.LogCatView",1329305030766
deactivated,workbench,org.eclipse.ui.workbench,3.7.0.I20110519-0100,"",1329305201813
activated,workbench,org.eclipse.ui.workbench,3.7.0.I20110519-0100,"",1329305233688
deactivated,workbench,org.eclipse.ui.workbench,3.7.0.I20110519-0100,"",1329305236891
error,log,,,"Unhandled event loop exception",1329305320141
activated,workbench,org.eclipse.ui.workbench,3.7.0.I20110519-0100,"",1329305399313
deactivated,workbench,org.eclipse.ui.workbench,3.7.0.I20110519-0100,"",1329305411407
activated,workbench,org.eclipse.ui.workbench,3.7.0.I20110519-0100,"",1329305411453
deactivated,workbench,org.eclipse.ui.workbench,3.7.0.I20110519-0100,"",1329305411500
activated,workbench,org.eclipse.ui.workbench,3.7.0.I20110519-0100,"",1329305582032
activated,perspective,org.eclipse.jdt.ui,3.7.1.r371_v20110824-0800,"org.eclipse.jdt.ui.JavaPerspective",1329305584922
activated,view,org.eclipse.debug.ui,3.7.101.v20110817_r371,"org.eclipse.debug.ui.DebugView",1329305584922
activated,view,org.eclipse.jdt.ui,3.7.1.r371_v20110824-0800,"org.eclipse.jdt.ui.PackageExplorer",1329305586344
executed,command,,,"com.android.ide.eclipse.adt.debug.launching.LaunchShortcut.run",1329305589407
activated,perspective,org.eclipse.debug.ui,3.7.101.v20110817_r371,"org.eclipse.debug.ui.DebugPerspective",1329305594735
activated,view,org.eclipse.debug.ui,3.7.101.v20110817_r371,"org.eclipse.debug.ui.DebugView",1329305594750
deactivated,workbench,org.eclipse.ui.workbench,3.7.0.I20110519-0100,"",1329305610844
activated,workbench,org.eclipse.ui.workbench,3.7.0.I20110519-0100,"",1329305623594
activated,view,com.android.ide.eclipse.ddms,14.0.0.v201110171935-205994,"com.android.ide.eclipse.ddms.views.LogCatView",1329305624766
activated,view,org.eclipse.ui.console,3.5.100.v20110511,"org.eclipse.ui.console.ConsoleView",1329305629094
activated,view,com.android.ide.eclipse.ddms,14.0.0.v201110171935-205994,"com.android.ide.eclipse.ddms.views.LogCatView",1329305639266
error,log,,,"No command output when running: 'am start -n com.srpirrlicht.helloworld/com.srpirrlicht.helloworld.HelloWorldActivity -a android.intent.action.MAIN -c android.intent.category.LAUNCHER' on device 0123456789ABCDEF",1329305645188
activated,view,org.eclipse.ui.console,3.5.100.v20110511,"org.eclipse.ui.console.ConsoleView",1329305651000
activated,view,com.android.ide.eclipse.ddms,14.0.0.v201110171935-205994,"com.android.ide.eclipse.ddms.views.LogCatView",1329305652813
deactivated,workbench,org.eclipse.ui.workbench,3.7.0.I20110519-0100,"",1329305674578
activated,workbench,org.eclipse.ui.workbench,3.7.0.I20110519-0100,"",1329306618891
activated,perspective,org.eclipse.jdt.ui,3.7.1.r371_v20110824-0800,"org.eclipse.jdt.ui.JavaPerspective",1329306625094
activated,view,org.eclipse.debug.ui,3.7.101.v20110817_r371,"org.eclipse.debug.ui.DebugView",1329306625110
activated,view,org.eclipse.jdt.ui,3.7.1.r371_v20110824-0800,"org.eclipse.jdt.ui.PackageExplorer",1329306626297
executed,command,org.eclipse.ui,3.7.0.I20110602-0100,"org.eclipse.ui.file.refresh",1329306627578
executed,command,,,"com.android.ide.eclipse.adt.debug.launching.LaunchShortcut.run",1329306631969
activated,view,org.eclipse.ui.console,3.5.100.v20110511,"org.eclipse.ui.console.ConsoleView",1329306666610
activated,view,org.eclipse.debug.ui,3.7.101.v20110817_r371,"org.eclipse.debug.ui.DebugView",1329306668016
activated,perspective,org.eclipse.debug.ui,3.7.101.v20110817_r371,"org.eclipse.debug.ui.DebugPerspective",1329306675000
activated,view,com.android.ide.eclipse.ddms,14.0.0.v201110171935-205994,"com.android.ide.eclipse.ddms.views.LogCatView",1329306676735
error,log,,,"Unhandled event loop exception",1329306692344
activated,perspective,org.eclipse.jdt.ui,3.7.1.r371_v20110824-0800,"org.eclipse.jdt.ui.JavaPerspective",1329306703844
activated,view,org.eclipse.debug.ui,3.7.101.v20110817_r371,"org.eclipse.debug.ui.DebugView",1329306703844
deactivated,workbench,org.eclipse.ui.workbench,3.7.0.I20110519-0100,"",1329306708266
activated,workbench,org.eclipse.ui.workbench,3.7.0.I20110519-0100,"",1329306710672
activated,view,org.eclipse.jdt.ui,3.7.1.r371_v20110824-0800,"org.eclipse.jdt.ui.PackageExplorer",1329306710703
executed,command,,,"com.android.ide.eclipse.adt.debug.launching.LaunchShortcut.run",1329306715094
activated,perspective,org.eclipse.debug.ui,3.7.101.v20110817_r371,"org.eclipse.debug.ui.DebugPerspective",1329306717938
activated,view,org.eclipse.debug.ui,3.7.101.v20110817_r371,"org.eclipse.debug.ui.DebugView",1329306717938
deactivated,workbench,org.eclipse.ui.workbench,3.7.0.I20110519-0100,"",1329306720375
activated,view,com.android.ide.eclipse.ddms,14.0.0.v201110171935-205994,"com.android.ide.eclipse.ddms.views.LogCatView",1329306729860
activated,workbench,org.eclipse.ui.workbench,3.7.0.I20110519-0100,"",1329306729891
activated,view,org.eclipse.debug.ui,3.7.101.v20110817_r371,"org.eclipse.debug.ui.DebugView",1329306729891
activated,view,com.android.ide.eclipse.ddms,14.0.0.v201110171935-205994,"com.android.ide.eclipse.ddms.views.LogCatView",1329306729907
deactivated,workbench,org.eclipse.ui.workbench,3.7.0.I20110519-0100,"",1329306737547
activated,workbench,org.eclipse.ui.workbench,3.7.0.I20110519-0100,"",1329306737578
deactivated,workbench,org.eclipse.ui.workbench,3.7.0.I20110519-0100,"",1329306737672
activated,workbench,org.eclipse.ui.workbench,3.7.0.I20110519-0100,"",1329307163860
activated,perspective,org.eclipse.jdt.ui,3.7.1.r371_v20110824-0800,"org.eclipse.jdt.ui.JavaPerspective",1329307166516
activated,view,org.eclipse.debug.ui,3.7.101.v20110817_r371,"org.eclipse.debug.ui.DebugView",1329307166532
activated,view,org.eclipse.jdt.ui,3.7.1.r371_v20110824-0800,"org.eclipse.jdt.ui.PackageExplorer",1329307167485
executed,command,org.eclipse.ui,3.7.0.I20110602-0100,"org.eclipse.ui.file.refresh",1329307169032
executed,command,,,"com.android.ide.eclipse.adt.debug.launching.LaunchShortcut.run",1329307174657
activated,perspective,org.eclipse.debug.ui,3.7.101.v20110817_r371,"org.eclipse.debug.ui.DebugPerspective",1329307176985
activated,view,org.eclipse.debug.ui,3.7.101.v20110817_r371,"org.eclipse.debug.ui.DebugView",1329307177000
deactivated,workbench,org.eclipse.ui.workbench,3.7.0.I20110519-0100,"",1329307223844
activated,workbench,org.eclipse.ui.workbench,3.7.0.I20110519-0100,"",1329307223860
deactivated,workbench,org.eclipse.ui.workbench,3.7.0.I20110519-0100,"",1329307223938
activated,workbench,org.eclipse.ui.workbench,3.7.0.I20110519-0100,"",1329307266235
activated,perspective,org.eclipse.jdt.ui,3.7.1.r371_v20110824-0800,"org.eclipse.jdt.ui.JavaPerspective",1329307269422
activated,view,org.eclipse.jdt.ui,3.7.1.r371_v20110824-0800,"org.eclipse.jdt.ui.PackageExplorer",1329307270547
executed,command,,,"com.android.ide.eclipse.adt.debug.launching.LaunchShortcut.run",1329307273313
deactivated,workbench,org.eclipse.ui.workbench,3.7.0.I20110519-0100,"",1329307273844
activated,workbench,org.eclipse.ui.workbench,3.7.0.I20110519-0100,"",1329307278453
deactivated,workbench,org.eclipse.ui.workbench,3.7.0.I20110519-0100,"",1329307321578
activated,workbench,org.eclipse.ui.workbench,3.7.0.I20110519-0100,"",1329307390297
activated,perspective,org.eclipse.debug.ui,3.7.101.v20110817_r371,"org.eclipse.debug.ui.DebugPerspective",1329307395375
activated,view,org.eclipse.debug.ui,3.7.101.v20110817_r371,"org.eclipse.debug.ui.DebugView",1329307395391
activated,view,com.android.ide.eclipse.ddms,14.0.0.v201110171935-205994,"com.android.ide.eclipse.ddms.views.LogCatView",1329307396985
deactivated,workbench,org.eclipse.ui.workbench,3.7.0.I20110519-0100,"",1329307409297
activated,workbench,org.eclipse.ui.workbench,3.7.0.I20110519-0100,"",1329308057766
activated,view,org.eclipse.debug.ui,3.7.101.v20110817_r371,"org.eclipse.debug.ui.DebugView",1329308057782
activated,perspective,org.eclipse.jdt.ui,3.7.1.r371_v20110824-0800,"org.eclipse.jdt.ui.JavaPerspective",1329308060766
activated,view,org.eclipse.jdt.ui,3.7.1.r371_v20110824-0800,"org.eclipse.jdt.ui.PackageExplorer",1329308061953
executed,command,org.eclipse.ui,3.7.0.I20110602-0100,"org.eclipse.ui.file.refresh",1329308063735
executed,command,,,"com.android.ide.eclipse.adt.debug.launching.LaunchShortcut.run",1329308066985
activated,perspective,org.eclipse.debug.ui,3.7.101.v20110817_r371,"org.eclipse.debug.ui.DebugPerspective",1329308069860
activated,view,org.eclipse.debug.ui,3.7.101.v20110817_r371,"org.eclipse.debug.ui.DebugView",1329308069875
deactivated,workbench,org.eclipse.ui.workbench,3.7.0.I20110519-0100,"",1329308072125
activated,workbench,org.eclipse.ui.workbench,3.7.0.I20110519-0100,"",1329308076250
deactivated,workbench,org.eclipse.ui.workbench,3.7.0.I20110519-0100,"",1329308106094
activated,workbench,org.eclipse.ui.workbench,3.7.0.I20110519-0100,"",1329308106125
deactivated,workbench,org.eclipse.ui.workbench,3.7.0.I20110519-0100,"",1329308106203
activated,workbench,org.eclipse.ui.workbench,3.7.0.I20110519-0100,"",1329308574297
activated,perspective,org.eclipse.jdt.ui,3.7.1.r371_v20110824-0800,"org.eclipse.jdt.ui.JavaPerspective",1329308577282
activated,view,org.eclipse.jdt.ui,3.7.1.r371_v20110824-0800,"org.eclipse.jdt.ui.PackageExplorer",1329308578313
executed,command,org.eclipse.ui,3.7.0.I20110602-0100,"org.eclipse.ui.file.refresh",1329308580266
executed,command,,,"com.android.ide.eclipse.adt.debug.launching.LaunchShortcut.run",1329308583532
deactivated,workbench,org.eclipse.ui.workbench,3.7.0.I20110519-0100,"",1329308587672
activated,workbench,org.eclipse.ui.workbench,3.7.0.I20110519-0100,"",1329308644657
deactivated,workbench,org.eclipse.ui.workbench,3.7.0.I20110519-0100,"",1329308665469
activated,workbench,org.eclipse.ui.workbench,3.7.0.I20110519-0100,"",1329308665516
deactivated,workbench,org.eclipse.ui.workbench,3.7.0.I20110519-0100,"",1329308665657
activated,workbench,org.eclipse.ui.workbench,3.7.0.I20110519-0100,"",1329309071313
executed,command,org.eclipse.ui,3.7.0.I20110602-0100,"org.eclipse.ui.file.refresh",1329309074000
executed,command,,,"com.android.ide.eclipse.adt.debug.launching.LaunchShortcut.run",1329309079078
deactivated,workbench,org.eclipse.ui.workbench,3.7.0.I20110519-0100,"",1329309083375
activated,workbench,org.eclipse.ui.workbench,3.7.0.I20110519-0100,"",1329309127203
deactivated,workbench,org.eclipse.ui.workbench,3.7.0.I20110519-0100,"",1329309179375
activated,workbench,org.eclipse.ui.workbench,3.7.0.I20110519-0100,"",1329309179422
deactivated,workbench,org.eclipse.ui.workbench,3.7.0.I20110519-0100,"",1329309179547
activated,workbench,org.eclipse.ui.workbench,3.7.0.I20110519-0100,"",1329309441735
deactivated,workbench,org.eclipse.ui.workbench,3.7.0.I20110519-0100,"",1329309445391
activated,workbench,org.eclipse.ui.workbench,3.7.0.I20110519-0100,"",1329309757985
executed,command,org.eclipse.ui,3.7.0.I20110602-0100,"org.eclipse.ui.file.refresh",1329309761250
executed,command,,,"com.android.ide.eclipse.adt.debug.launching.LaunchShortcut.run",1329309765141
deactivated,workbench,org.eclipse.ui.workbench,3.7.0.I20110519-0100,"",1329309766188
activated,workbench,org.eclipse.ui.workbench,3.7.0.I20110519-0100,"",1329309766235
deactivated,workbench,org.eclipse.ui.workbench,3.7.0.I20110519-0100,"",1329309766407
activated,workbench,org.eclipse.ui.workbench,3.7.0.I20110519-0100,"",1329309839766
activated,editor,org.eclipse.jdt.ui,3.7.1.r371_v20110824-0800,"org.eclipse.jdt.ui.CompilationUnitEditor",1329309840657
deactivated,workbench,org.eclipse.ui.workbench,3.7.0.I20110519-0100,"",1329309867141
activated,workbench,org.eclipse.ui.workbench,3.7.0.I20110519-0100,"",1329310119688
activated,perspective,org.eclipse.debug.ui,3.7.101.v20110817_r371,"org.eclipse.debug.ui.DebugPerspective",1329310122735
deactivated,workbench,org.eclipse.ui.workbench,3.7.0.I20110519-0100,"",1329310124875
activated,workbench,org.eclipse.ui.workbench,3.7.0.I20110519-0100,"",1329310124907
deactivated,workbench,org.eclipse.ui.workbench,3.7.0.I20110519-0100,"",1329310125141
activated,workbench,org.eclipse.ui.workbench,3.7.0.I20110519-0100,"",1329310820000
activated,perspective,org.eclipse.jdt.ui,3.7.1.r371_v20110824-0800,"org.eclipse.jdt.ui.JavaPerspective",1329310824391
activated,view,org.eclipse.jdt.ui,3.7.1.r371_v20110824-0800,"org.eclipse.jdt.ui.PackageExplorer",1329310825828
executed,command,org.eclipse.ui,3.7.0.I20110602-0100,"org.eclipse.ui.file.refresh",1329310827219
executed,command,,,"com.android.ide.eclipse.adt.debug.launching.LaunchShortcut.run",1329310832250
deactivated,workbench,org.eclipse.ui.workbench,3.7.0.I20110519-0100,"",1329310837016
activated,workbench,org.eclipse.ui.workbench,3.7.0.I20110519-0100,"",1329310894891
activated,editor,org.eclipse.jdt.ui,3.7.1.r371_v20110824-0800,"org.eclipse.jdt.ui.CompilationUnitEditor",1329310915516
deactivated,workbench,org.eclipse.ui.workbench,3.7.0.I20110519-0100,"",1329310916516
activated,workbench,org.eclipse.ui.workbench,3.7.0.I20110519-0100,"",1329310933657
activated,perspective,org.eclipse.debug.ui,3.7.101.v20110817_r371,"org.eclipse.debug.ui.DebugPerspective",1329310936891
activated,view,com.android.ide.eclipse.ddms,14.0.0.v201110171935-205994,"com.android.ide.eclipse.ddms.views.LogCatView",1329310938625
deactivated,workbench,org.eclipse.ui.workbench,3.7.0.I20110519-0100,"",1329310959188
activated,workbench,org.eclipse.ui.workbench,3.7.0.I20110519-0100,"",1329311028719
activated,perspective,org.eclipse.jdt.ui,3.7.1.r371_v20110824-0800,"org.eclipse.jdt.ui.JavaPerspective",1329311031735
activated,editor,org.eclipse.jdt.ui,3.7.1.r371_v20110824-0800,"org.eclipse.jdt.ui.CompilationUnitEditor",1329311031828
activated,view,org.eclipse.jdt.ui,3.7.1.r371_v20110824-0800,"org.eclipse.jdt.ui.PackageExplorer",1329311033782
deactivated,workbench,org.eclipse.ui.workbench,3.7.0.I20110519-0100,"",1329311036625
activated,workbench,org.eclipse.ui.workbench,3.7.0.I20110519-0100,"",1329311044500
executed,command,org.eclipse.ui,3.7.0.I20110602-0100,"org.eclipse.ui.file.refresh",1329311046422
executed,command,,,"com.android.ide.eclipse.adt.debug.launching.LaunchShortcut.run",1329311050188
deactivated,workbench,org.eclipse.ui.workbench,3.7.0.I20110519-0100,"",1329311050453
activated,workbench,org.eclipse.ui.workbench,3.7.0.I20110519-0100,"",1329311052844
deactivated,workbench,org.eclipse.ui.workbench,3.7.0.I20110519-0100,"",1329311054391
activated,workbench,org.eclipse.ui.workbench,3.7.0.I20110519-0100,"",1329311054422
deactivated,workbench,org.eclipse.ui.workbench,3.7.0.I20110519-0100,"",1329311054563
activated,workbench,org.eclipse.ui.workbench,3.7.0.I20110519-0100,"",1329311113610
activated,view,org.eclipse.ui.console,3.5.100.v20110511,"org.eclipse.ui.console.ConsoleView",1329311116657
activated,view,org.eclipse.jdt.ui,3.7.1.r371_v20110824-0800,"org.eclipse.jdt.ui.PackageExplorer",1329311120907
executed,command,,,"com.android.ide.eclipse.adt.debug.launching.LaunchShortcut.run",1329311123407
deactivated,workbench,org.eclipse.ui.workbench,3.7.0.I20110519-0100,"",1329311123610
activated,workbench,org.eclipse.ui.workbench,3.7.0.I20110519-0100,"",1329311126250
activated,editor,org.eclipse.jdt.ui,3.7.1.r371_v20110824-0800,"org.eclipse.jdt.ui.CompilationUnitEditor",1329311133969
executed,command,org.eclipse.ui,3.7.0.I20110602-0100,"org.eclipse.ui.file.save",1329311136125
activated,view,org.eclipse.jdt.ui,3.7.1.r371_v20110824-0800,"org.eclipse.jdt.ui.PackageExplorer",1329311136985
executed,command,,,"com.android.ide.eclipse.adt.debug.launching.LaunchShortcut.run",1329311139922
deactivated,workbench,org.eclipse.ui.workbench,3.7.0.I20110519-0100,"",1329311144453
activated,workbench,org.eclipse.ui.workbench,3.7.0.I20110519-0100,"",1329311147141
deactivated,workbench,org.eclipse.ui.workbench,3.7.0.I20110519-0100,"",1329311157922
activated,workbench,org.eclipse.ui.workbench,3.7.0.I20110519-0100,"",1329311630750
executed,command,org.eclipse.ui,3.7.0.I20110602-0100,"org.eclipse.ui.file.refresh",1329311634157
executed,command,,,"com.android.ide.eclipse.adt.debug.launching.LaunchShortcut.run",1329311637485
deactivated,workbench,org.eclipse.ui.workbench,3.7.0.I20110519-0100,"",1329311638641
activated,workbench,org.eclipse.ui.workbench,3.7.0.I20110519-0100,"",1329312199578
executed,command,org.eclipse.ui,3.7.0.I20110602-0100,"org.eclipse.ui.file.refresh",1329312202750
executed,command,,,"com.android.ide.eclipse.adt.debug.launching.LaunchShortcut.run",1329312206485
deactivated,workbench,org.eclipse.ui.workbench,3.7.0.I20110519-0100,"",1329312225766
activated,workbench,org.eclipse.ui.workbench,3.7.0.I20110519-0100,"",1329312241672
activated,view,org.eclipse.ui.console,3.5.100.v20110511,"org.eclipse.ui.console.ConsoleView",1329312241688
activated,view,org.eclipse.jdt.ui,3.7.1.r371_v20110824-0800,"org.eclipse.jdt.ui.PackageExplorer",1329312242891
executed,command,,,"com.android.ide.eclipse.adt.debug.launching.LaunchShortcut.run",1329312245500
deactivated,workbench,org.eclipse.ui.workbench,3.7.0.I20110519-0100,"",1329312254110
activated,workbench,org.eclipse.ui.workbench,3.7.0.I20110519-0100,"",1329312370813
executed,command,,,"com.android.ide.eclipse.adt.debug.launching.LaunchShortcut.run",1329312375266
activated,view,org.eclipse.ui.console,3.5.100.v20110511,"org.eclipse.ui.console.ConsoleView",1329312380547
deactivated,workbench,org.eclipse.ui.workbench,3.7.0.I20110519-0100,"",1329312381953
activated,workbench,org.eclipse.ui.workbench,3.7.0.I20110519-0100,"",1329312519860
deactivated,workbench,org.eclipse.ui.workbench,3.7.0.I20110519-0100,"",1329312524016
deactivated,workbench,org.eclipse.ui.workbench,3.7.0.I20110519-0100,"",1329312525000
activated,workbench,org.eclipse.ui.workbench,3.7.0.I20110519-0100,"",1329312525610
deactivated,workbench,org.eclipse.ui.workbench,3.7.0.I20110519-0100,"",1329312526985
activated,workbench,org.eclipse.ui.workbench,3.7.0.I20110519-0100,"",1329312527032
deactivated,workbench,org.eclipse.ui.workbench,3.7.0.I20110519-0100,"",1329312527110
activated,workbench,org.eclipse.ui.workbench,3.7.0.I20110519-0100,"",1329312529953
activated,editor,org.eclipse.jdt.ui,3.7.1.r371_v20110824-0800,"org.eclipse.jdt.ui.CompilationUnitEditor",1329312533672
